<?xml version='1.0' encoding='utf-8'?>
<!DOCTYPE hibernate-configuration PUBLIC "-//Hibernate/Hibernate Configuration DTD 3.0//EN"
"http://www.hibernate.org/dtd/hibernate-configuration-3.0.dtd">


<hibernate-configuration>
<session-factory>
<!-- Database connection setting -->
<property name="connection.driver_class">com.mysql.jdbc.Driver</property>

<property name="connection.url">jdbc:mysql:mysql://localhost:3306/db_world</property>
<property name="connection.username">mysql user id</property>
<property name="connection.password">mysql password</property>

<property name="dialect">org.hibernate dialectMysql57Dialect</property>

<property name="hibernate.format_sql">true</property>
		
<property name="hbm2ddl.auto">update</property>

<mapping class="com.Addnew.Product"/>
</session-factory>
</hibernate-configuration>